,count,mean,std,min,25%,50%,75%,max,skew
roa,1660.0,0.050056630065892185,0.08378799287543542,-0.2203074316588613,-0.003471382374792902,0.052813770401278395,0.10905441096058638,0.35573948248294923,-0.14641437362506812
affected_ratio_lag1,1660.0,0.27156778066930387,0.278469549864691,0.0,0.0,0.2259785163734626,0.4498686216498984,1.0,0.8044794575858017
geo_diversification,1660.0,0.38655472898680243,0.31679552067916245,0.0,0.017925989466331338,0.45759956771964017,0.6681488493190656,0.9533044017782458,-0.05381892889772221
log_assets,1660.0,8.475819158894845,1.753944148295195,3.09089845389414,7.3890560025479,8.483796859099895,9.618319537814225,14.118243227387932,-0.09040733870604933
leverage,1660.0,0.30908788442073043,0.10191149348556723,0.0,0.24153701182831863,0.31015056699271815,0.3787015146274281,0.6644065010959781,-0.0232402903088484
