Model,Coefficient,Std Error,P-value,R-squared,N
(1) Simple,-0.001555,0.005836,0.789982,3.4e-05,2080
(2) Controls,-0.000923,0.005735,0.872152,0.03842,2080
(3) Year FE,0.004226,0.006356,0.506188,0.049951,2080
